Название;Ссылка;Цена;Артикул
КОМПЛЕКТ ПОСТЕЛЬНОГО БЕЛЬЯ БЯЗЬ;https://lux-texcv.com.ua/ru/product/%d0%ba%d0%be%d0%bc%d0%bf%d0%bb%d0%b5%d0%ba%d1%82-%d0%bf%d0%be%d1%81%d1%82%d0%b5%d0%bb%d1%8c%d0%bd%d0%be%d0%b3%d0%be-%d0%b1%d0%b5%d0%bb%d1%8c%d1%8f-%d0%b1%d1%8f%d0%b7%d1%8c-k5813/;599грн;K5813
КОМПЛЕКТ ПОСТЕЛЬНОГО БЕЛЬЯ БЯЗЬ;https://lux-texcv.com.ua/ru/product/%d0%ba%d0%be%d0%bc%d0%bf%d0%bb%d0%b5%d0%ba%d1%82-%d0%bf%d0%be%d1%81%d1%82%d0%b5%d0%bb%d1%8c%d0%bd%d0%be%d0%b3%d0%be-%d0%b1%d0%b5%d0%bb%d1%8c%d1%8f-%d0%b1%d1%8f%d0%b7%d1%8c-k5812/;599грн;K5812
КОМПЛЕКТ ПОСТЕЛЬНОГО БЕЛЬЯ БЯЗЬ;https://lux-texcv.com.ua/ru/product/%d0%ba%d0%be%d0%bc%d0%bf%d0%bb%d0%b5%d0%ba%d1%82-%d0%bf%d0%be%d1%81%d1%82%d0%b5%d0%bb%d1%8c%d0%bd%d0%be%d0%b3%d0%be-%d0%b1%d0%b5%d0%bb%d1%8c%d1%8f-%d0%b1%d1%8f%d0%b7%d1%8c-k5811/;599грн;K5811
КОМПЛЕКТ ПОСТЕЛЬНОГО БЕЛЬЯ БЯЗЬ;https://lux-texcv.com.ua/ru/product/%d0%ba%d0%be%d0%bc%d0%bf%d0%bb%d0%b5%d0%ba%d1%82-%d0%bf%d0%be%d1%81%d1%82%d0%b5%d0%bb%d1%8c%d0%bd%d0%be%d0%b3%d0%be-%d0%b1%d0%b5%d0%bb%d1%8c%d1%8f-%d0%b1%d1%8f%d0%b7%d1%8c-k5810/;599грн;K5810
КОМПЛЕКТ ПОСТЕЛЬНОГО БЕЛЬЯ С БЯЗИ;https://lux-texcv.com.ua/ru/product/%d0%ba%d0%be%d0%bc%d0%bf%d0%bb%d0%b5%d0%ba%d1%82-%d0%bf%d0%be%d1%81%d1%82%d0%b5%d0%bb%d1%8c%d0%bd%d0%be%d0%b3%d0%be-%d0%b1%d0%b5%d0%bb%d1%8c%d1%8f-%d1%81-%d0%b1%d1%8f%d0%b7%d0%b8-k5772/;699грн;K5772
КОМПЛЕКТ ПОСТЕЛЬНОГО БЕЛЬЯ С РАНФОРСА;https://lux-texcv.com.ua/ru/product/%d0%ba%d0%be%d0%bc%d0%bf%d0%bb%d0%b5%d0%ba%d1%82-%d0%bf%d0%be%d1%81%d1%82%d0%b5%d0%bb%d1%8c%d0%bd%d0%be%d0%b3%d0%be-%d0%b1%d0%b5%d0%bb%d1%8c%d1%8f-%d1%81-%d1%80%d0%b0%d0%bd%d1%84%d0%be%d1%80%d1%81-48/;749грн;K5771
КОМПЛЕКТ ПОСТЕЛЬНОГО БЕЛЬЯ С РАНФОРСА;https://lux-texcv.com.ua/ru/product/%d0%ba%d0%be%d0%bc%d0%bf%d0%bb%d0%b5%d0%ba%d1%82-%d0%bf%d0%be%d1%81%d1%82%d0%b5%d0%bb%d1%8c%d0%bd%d0%be%d0%b3%d0%be-%d0%b1%d0%b5%d0%bb%d1%8c%d1%8f-%d1%81-%d1%80%d0%b0%d0%bd%d1%84%d0%be%d1%80%d1%81-47/;749грн;K5770
КОМПЛЕКТ ПОСТЕЛЬНОГО БЕЛЬЯ С РАНФОРСА;https://lux-texcv.com.ua/ru/product/%d0%ba%d0%be%d0%bc%d0%bf%d0%bb%d0%b5%d0%ba%d1%82-%d0%bf%d0%be%d1%81%d1%82%d0%b5%d0%bb%d1%8c%d0%bd%d0%be%d0%b3%d0%be-%d0%b1%d0%b5%d0%bb%d1%8c%d1%8f-%d1%81-%d1%80%d0%b0%d0%bd%d1%84%d0%be%d1%80%d1%81-46/;749грн;K5749
КОМПЛЕКТ ПОСТЕЛЬНОГО БЕЛЬЯ С РАНФОРСА;https://lux-texcv.com.ua/ru/product/%d0%ba%d0%be%d0%bc%d0%bf%d0%bb%d0%b5%d0%ba%d1%82-%d0%bf%d0%be%d1%81%d1%82%d0%b5%d0%bb%d1%8c%d0%bd%d0%be%d0%b3%d0%be-%d0%b1%d0%b5%d0%bb%d1%8c%d1%8f-%d1%81-%d1%80%d0%b0%d0%bd%d1%84%d0%be%d1%80%d1%81-45/;749грн;K5748
КОМПЛЕКТ ПОСТЕЛЬНОГО БЕЛЬЯ С РАНФОРСА;https://lux-texcv.com.ua/ru/product/%d0%ba%d0%be%d0%bc%d0%bf%d0%bb%d0%b5%d0%ba%d1%82-%d0%bf%d0%be%d1%81%d1%82%d0%b5%d0%bb%d1%8c%d0%bd%d0%be%d0%b3%d0%be-%d0%b1%d0%b5%d0%bb%d1%8c%d1%8f-%d1%81-%d1%80%d0%b0%d0%bd%d1%84%d0%be%d1%80%d1%81-44/;749грн;K5747
КОМПЛЕКТ ПОСТЕЛЬНОГО БЕЛЬЯ С РАНФОРСА;https://lux-texcv.com.ua/ru/product/%d0%ba%d0%be%d0%bc%d0%bf%d0%bb%d0%b5%d0%ba%d1%82-%d0%bf%d0%be%d1%81%d1%82%d0%b5%d0%bb%d1%8c%d0%bd%d0%be%d0%b3%d0%be-%d0%b1%d0%b5%d0%bb%d1%8c%d1%8f-%d1%81-%d1%80%d0%b0%d0%bd%d1%84%d0%be%d1%80%d1%81-43/;749грн;K5727
КОМПЛЕКТ ПОСТЕЛЬНОГО БЕЛЬЯ С РАНФОРСА;https://lux-texcv.com.ua/ru/product/%d0%ba%d0%be%d0%bc%d0%bf%d0%bb%d0%b5%d0%ba%d1%82-%d0%bf%d0%be%d1%81%d1%82%d0%b5%d0%bb%d1%8c%d0%bd%d0%be%d0%b3%d0%be-%d0%b1%d0%b5%d0%bb%d1%8c%d1%8f-%d1%81-%d1%80%d0%b0%d0%bd%d1%84%d0%be%d1%80%d1%81-42/;749грн;K5726
КОМПЛЕКТ ПОСТЕЛЬНОГО БЕЛЬЯ С РАНФОРСА;https://lux-texcv.com.ua/ru/product/%d0%ba%d0%be%d0%bc%d0%bf%d0%bb%d0%b5%d0%ba%d1%82-%d0%bf%d0%be%d1%81%d1%82%d0%b5%d0%bb%d1%8c%d0%bd%d0%be%d0%b3%d0%be-%d0%b1%d0%b5%d0%bb%d1%8c%d1%8f-%d1%81-%d1%80%d0%b0%d0%bd%d1%84%d0%be%d1%80%d1%81-56/;749грн;K5725
КОМПЛЕКТ ПОСТЕЛЬНОГО БЕЛЬЯ С РАНФОРСА;https://lux-texcv.com.ua/ru/product/%d0%ba%d0%be%d0%bc%d0%bf%d0%bb%d0%b5%d0%ba%d1%82-%d0%bf%d0%be%d1%81%d1%82%d0%b5%d0%bb%d1%8c%d0%bd%d0%be%d0%b3%d0%be-%d0%b1%d0%b5%d0%bb%d1%8c%d1%8f-%d1%81-%d1%80%d0%b0%d0%bd%d1%84%d0%be%d1%80%d1%81-55/;749грн;K5723
КОМПЛЕКТ ПОСТЕЛЬНОГО БЕЛЬЯ С РАНФОРСА;https://lux-texcv.com.ua/ru/product/%d0%ba%d0%be%d0%bc%d0%bf%d0%bb%d0%b5%d0%ba%d1%82-%d0%bf%d0%be%d1%81%d1%82%d0%b5%d0%bb%d1%8c%d0%bd%d0%be%d0%b3%d0%be-%d0%b1%d0%b5%d0%bb%d1%8c%d1%8f-%d1%81-%d1%80%d0%b0%d0%bd%d1%84%d0%be%d1%80%d1%81-54/;749грн;K5722
КОМПЛЕКТ ПОСТЕЛЬНОГО БЕЛЬЯ С РАНФОРСА;https://lux-texcv.com.ua/ru/product/%d0%ba%d0%be%d0%bc%d0%bf%d0%bb%d0%b5%d0%ba%d1%82-%d0%bf%d0%be%d1%81%d1%82%d0%b5%d0%bb%d1%8c%d0%bd%d0%be%d0%b3%d0%be-%d0%b1%d0%b5%d0%bb%d1%8c%d1%8f-%d1%81-%d1%80%d0%b0%d0%bd%d1%84%d0%be%d1%80%d1%81-53/;749грн;K5721
КОМПЛЕКТ ПОСТЕЛЬНОГО БЕЛЬЯ С РАНФОРСА;https://lux-texcv.com.ua/ru/product/%d0%ba%d0%be%d0%bc%d0%bf%d0%bb%d0%b5%d0%ba%d1%82-%d0%bf%d0%be%d1%81%d1%82%d0%b5%d0%bb%d1%8c%d0%bd%d0%be%d0%b3%d0%be-%d0%b1%d0%b5%d0%bb%d1%8c%d1%8f-%d1%81-%d1%80%d0%b0%d0%bd%d1%84%d0%be%d1%80%d1%81-52/;749грн;K5720
КОМПЛЕКТ ПОСТЕЛЬНОГО БЕЛЬЯ С РАНФОРСА;https://lux-texcv.com.ua/ru/product/%d0%ba%d0%be%d0%bc%d0%bf%d0%bb%d0%b5%d0%ba%d1%82-%d0%bf%d0%be%d1%81%d1%82%d0%b5%d0%bb%d1%8c%d0%bd%d0%be%d0%b3%d0%be-%d0%b1%d0%b5%d0%bb%d1%8c%d1%8f-%d1%81-%d1%80%d0%b0%d0%bd%d1%84%d0%be%d1%80%d1%81-51/;749грн;K5719
КОМПЛЕКТ ПОСТЕЛЬНОГО БЕЛЬЯ С РАНФОРСА;https://lux-texcv.com.ua/ru/product/%d0%ba%d0%be%d0%bc%d0%bf%d0%bb%d0%b5%d0%ba%d1%82-%d0%bf%d0%be%d1%81%d1%82%d0%b5%d0%bb%d1%8c%d0%bd%d0%be%d0%b3%d0%be-%d0%b1%d0%b5%d0%bb%d1%8c%d1%8f-%d1%81-%d1%80%d0%b0%d0%bd%d1%84%d0%be%d1%80%d1%81-50/;749грн;K5717
КОМПЛЕКТ ПОСТЕЛЬНОГО БЕЛЬЯ С РАНФОРСА;https://lux-texcv.com.ua/ru/product/%d0%ba%d0%be%d0%bc%d0%bf%d0%bb%d0%b5%d0%ba%d1%82-%d0%bf%d0%be%d1%81%d1%82%d0%b5%d0%bb%d1%8c%d0%bd%d0%be%d0%b3%d0%be-%d0%b1%d0%b5%d0%bb%d1%8c%d1%8f-%d1%81-%d1%80%d0%b0%d0%bd%d1%84%d0%be%d1%80%d1%81-49/;749грн;K5718
КОМПЛЕКТ ПОСТЕЛЬНОГО БЕЛЬЯ С БЯЗИ;https://lux-texcv.com.ua/ru/product/%d0%ba%d0%be%d0%bc%d0%bf%d0%bb%d0%b5%d0%ba%d1%82-%d0%bf%d0%be%d1%81%d1%82%d0%b5%d0%bb%d1%8c%d0%bd%d0%be%d0%b3%d0%be-%d0%b1%d0%b5%d0%bb%d1%8c%d1%8f-%d1%81-%d0%b1%d1%8f%d0%b7%d0%b8-10/;699грн;K5706
КОМПЛЕКТ ПОСТЕЛЬНОГО БЕЛЬЯ С БЯЗИ;https://lux-texcv.com.ua/ru/product/%d0%ba%d0%be%d0%bc%d0%bf%d0%bb%d0%b5%d0%ba%d1%82-%d0%bf%d0%be%d1%81%d1%82%d0%b5%d0%bb%d1%8c%d0%bd%d0%be%d0%b3%d0%be-%d0%b1%d0%b5%d0%bb%d1%8c%d1%8f-%d1%81-%d0%b1%d1%8f%d0%b7%d0%b8-9/;699грн;K5705
КОМПЛЕКТ ПОСТЕЛЬНОГО БЕЛЬЯ С БЯЗИ;https://lux-texcv.com.ua/ru/product/%d0%ba%d0%be%d0%bc%d0%bf%d0%bb%d0%b5%d0%ba%d1%82-%d0%bf%d0%be%d1%81%d1%82%d0%b5%d0%bb%d1%8c%d0%bd%d0%be%d0%b3%d0%be-%d0%b1%d0%b5%d0%bb%d1%8c%d1%8f-%d1%81-%d0%b1%d1%8f%d0%b7%d0%b8-8/;699грн;K5704
КОМПЛЕКТ ПОСТЕЛЬНОГО БЕЛЬЯ С БЯЗИ;https://lux-texcv.com.ua/ru/product/%d0%ba%d0%be%d0%bc%d0%bf%d0%bb%d0%b5%d0%ba%d1%82-%d0%bf%d0%be%d1%81%d1%82%d0%b5%d0%bb%d1%8c%d0%bd%d0%be%d0%b3%d0%be-%d0%b1%d0%b5%d0%bb%d1%8c%d1%8f-%d1%81-%d0%b1%d1%8f%d0%b7%d0%b8-7/;699грн;K5703
КОМПЛЕКТ ПОСТЕЛЬНОГО БЕЛЬЯ С БЯЗИ;https://lux-texcv.com.ua/ru/product/%d0%ba%d0%be%d0%bc%d0%bf%d0%bb%d0%b5%d0%ba%d1%82-%d0%bf%d0%be%d1%81%d1%82%d0%b5%d0%bb%d1%8c%d0%bd%d0%be%d0%b3%d0%be-%d0%b1%d0%b5%d0%bb%d1%8c%d1%8f-%d1%81-%d0%b1%d1%8f%d0%b7%d0%b8-6/;699грн;K5702
КОМПЛЕКТ ПОСТЕЛЬНОГО БЕЛЬЯ С БЯЗИ;https://lux-texcv.com.ua/ru/product/%d0%ba%d0%be%d0%bc%d0%bf%d0%bb%d0%b5%d0%ba%d1%82-%d0%bf%d0%be%d1%81%d1%82%d0%b5%d0%bb%d1%8c%d0%bd%d0%be%d0%b3%d0%be-%d0%b1%d0%b5%d0%bb%d1%8c%d1%8f-%d1%81-%d0%b1%d1%8f%d0%b7%d0%b8-5/;699грн;K5701
КОМПЛЕКТ ПОСТЕЛЬНОГО БЕЛЬЯ С БЯЗИ;https://lux-texcv.com.ua/ru/product/%d0%ba%d0%be%d0%bc%d0%bf%d0%bb%d0%b5%d0%ba%d1%82-%d0%bf%d0%be%d1%81%d1%82%d0%b5%d0%bb%d1%8c%d0%bd%d0%be%d0%b3%d0%be-%d0%b1%d0%b5%d0%bb%d1%8c%d1%8f-%d1%81-%d0%b1%d1%8f%d0%b7%d0%b8-4/;699грн;K5700
КОМПЛЕКТ ПОСТЕЛЬНОГО БЕЛЬЯ С БЯЗИ;https://lux-texcv.com.ua/ru/product/%d0%ba%d0%be%d0%bc%d0%bf%d0%bb%d0%b5%d0%ba%d1%82-%d0%bf%d0%be%d1%81%d1%82%d0%b5%d0%bb%d1%8c%d0%bd%d0%be%d0%b3%d0%be-%d0%b1%d0%b5%d0%bb%d1%8c%d1%8f-%d1%81-%d0%b1%d1%8f%d0%b7%d0%b8-3/;699грн;K5699
КОМПЛЕКТ ПОСТЕЛЬНОГО БЕЛЬЯ С БЯЗИ;https://lux-texcv.com.ua/ru/product/%d0%ba%d0%be%d0%bc%d0%bf%d0%bb%d0%b5%d0%ba%d1%82-%d0%bf%d0%be%d1%81%d1%82%d0%b5%d0%bb%d1%8c%d0%bd%d0%be%d0%b3%d0%be-%d0%b1%d0%b5%d0%bb%d1%8c%d1%8f-%d1%81-%d0%b1%d1%8f%d0%b7%d0%b8-2/;699грн;K5698
КОМПЛЕКТ ПОСТЕЛЬНОГО БЕЛЬЯ С БЯЗИ;https://lux-texcv.com.ua/ru/product/%d0%ba%d0%be%d0%bc%d0%bf%d0%bb%d0%b5%d0%ba%d1%82-%d0%bf%d0%be%d1%81%d1%82%d0%b5%d0%bb%d1%8c%d0%bd%d0%be%d0%b3%d0%be-%d0%b1%d0%b5%d0%bb%d1%8c%d1%8f-%d1%81-%d0%b1%d1%8f%d0%b7%d0%b8/;699грн;K5697
КОМПЛЕКТ ПОСТІЛЬНОГО БЕЛЬЯ С БЯЗИ;https://lux-texcv.com.ua/ru/product/%d0%ba%d0%be%d0%bc%d0%bf%d0%bb%d0%b5%d0%ba%d1%82-%d0%bf%d0%be%d1%81%d1%82%d1%96%d0%bb%d1%8c%d0%bd%d0%be%d0%b3%d0%be-%d0%b1%d0%b5%d0%bb%d1%8c%d1%8f-%d1%81-%d0%b1%d1%8f%d0%b7%d0%b8/;699грн;K5696
КОМПЛЕКТ ПОСТЕЛЬНОГО БЕЛЬЯ С РАНФОРСА;https://lux-texcv.com.ua/ru/product/%d0%ba%d0%be%d0%bc%d0%bf%d0%bb%d0%b5%d0%ba%d1%82-%d0%bf%d0%be%d1%81%d1%82%d0%b5%d0%bb%d1%8c%d0%bd%d0%be%d0%b3%d0%be-%d0%b1%d0%b5%d0%bb%d1%8c%d1%8f-%d1%81-%d1%80%d0%b0%d0%bd%d1%84%d0%be%d1%80%d1%81-41/;749грн;K5695
КОМПЛЕКТ ПОСТЕЛЬНОГО БЕЛЬЯ С РАНФОРСА;https://lux-texcv.com.ua/ru/product/%d0%ba%d0%be%d0%bc%d0%bf%d0%bb%d0%b5%d0%ba%d1%82-%d0%bf%d0%be%d1%81%d1%82%d0%b5%d0%bb%d1%8c%d0%bd%d0%be%d0%b3%d0%be-%d0%b1%d0%b5%d0%bb%d1%8c%d1%8f-%d1%81-%d1%80%d0%b0%d0%bd%d1%84%d0%be%d1%80%d1%81-40/;699грн;K5694
КОМПЛЕКТ ПОСТЕЛЬНОГО БЕЛЬЯ С РАНФОРСА;https://lux-texcv.com.ua/ru/product/%d0%ba%d0%be%d0%bc%d0%bf%d0%bb%d0%b5%d0%ba%d1%82-%d0%bf%d0%be%d1%81%d1%82%d0%b5%d0%bb%d1%8c%d0%bd%d0%be%d0%b3%d0%be-%d0%b1%d0%b5%d0%bb%d1%8c%d1%8f-%d1%81-%d1%80%d0%b0%d0%bd%d1%84%d0%be%d1%80%d1%81-39/;749грн;K5693
КОМПЛЕКТ ПОСТЕЛЬНОГО БЕЛЬЯ С РАНФОРСА;https://lux-texcv.com.ua/ru/product/%d0%ba%d0%be%d0%bc%d0%bf%d0%bb%d0%b5%d0%ba%d1%82-%d0%bf%d0%be%d1%81%d1%82%d0%b5%d0%bb%d1%8c%d0%bd%d0%be%d0%b3%d0%be-%d0%b1%d0%b5%d0%bb%d1%8c%d1%8f-%d1%81-%d1%80%d0%b0%d0%bd%d1%84%d0%be%d1%80%d1%81-38/;749грн;K5692
КОМПЛЕКТ ПОСТЕЛЬНОГО БЕЛЬЯ С РАНФОРСА;https://lux-texcv.com.ua/ru/product/%d0%ba%d0%be%d0%bc%d0%bf%d0%bb%d0%b5%d0%ba%d1%82-%d0%bf%d0%be%d1%81%d1%82%d0%b5%d0%bb%d1%8c%d0%bd%d0%be%d0%b3%d0%be-%d0%b1%d0%b5%d0%bb%d1%8c%d1%8f-%d1%81-%d1%80%d0%b0%d0%bd%d1%84%d0%be%d1%80%d1%81-37/;749грн;K5691
КОМПЛЕКТ ПОСТЕЛЬНОГО БЕЛЬЯ С РАНФОРСА;https://lux-texcv.com.ua/ru/product/%d0%ba%d0%be%d0%bc%d0%bf%d0%bb%d0%b5%d0%ba%d1%82-%d0%bf%d0%be%d1%81%d1%82%d0%b5%d0%bb%d1%8c%d0%bd%d0%be%d0%b3%d0%be-%d0%b1%d0%b5%d0%bb%d1%8c%d1%8f-%d1%81-%d1%80%d0%b0%d0%bd%d1%84%d0%be%d1%80%d1%81-36/;749грн;K5689
КОМПЛЕКТ ПОСТЕЛЬНОГО БЕЛЬЯ С РАНФОРСА;https://lux-texcv.com.ua/ru/product/%d0%ba%d0%be%d0%bc%d0%bf%d0%bb%d0%b5%d0%ba%d1%82-%d0%bf%d0%be%d1%81%d1%82%d0%b5%d0%bb%d1%8c%d0%bd%d0%be%d0%b3%d0%be-%d0%b1%d0%b5%d0%bb%d1%8c%d1%8f-%d1%81-%d1%80%d0%b0%d0%bd%d1%84%d0%be%d1%80%d1%81-35/;749грн;K5688
КОМПЛЕКТ ПОСТЕЛЬНОГО БЕЛЬЯ С РАНФОРСА;https://lux-texcv.com.ua/ru/product/%d0%ba%d0%be%d0%bc%d0%bf%d0%bb%d0%b5%d0%ba%d1%82-%d0%bf%d0%be%d1%81%d1%82%d0%b5%d0%bb%d1%8c%d0%bd%d0%be%d0%b3%d0%be-%d0%b1%d0%b5%d0%bb%d1%8c%d1%8f-%d1%81-%d1%80%d0%b0%d0%bd%d1%84%d0%be%d1%80%d1%81-34/;749грн;K5687
КОМПЛЕКТ ПОСТЕЛЬНОГО БЕЛЬЯ С РАНФОРСА;https://lux-texcv.com.ua/ru/product/%d0%ba%d0%be%d0%bc%d0%bf%d0%bb%d0%b5%d0%ba%d1%82-%d0%bf%d0%be%d1%81%d1%82%d0%b5%d0%bb%d1%8c%d0%bd%d0%be%d0%b3%d0%be-%d0%b1%d0%b5%d0%bb%d1%8c%d1%8f-%d1%81-%d1%80%d0%b0%d0%bd%d1%84%d0%be%d1%80%d1%81-33/;749грн;K5686
КОМПЛЕКТ ПОСТЕЛЬНОГО БЕЛЬЯ С РАНФОРСА;https://lux-texcv.com.ua/ru/product/%d0%ba%d0%be%d0%bc%d0%bf%d0%bb%d0%b5%d0%ba%d1%82-%d0%bf%d0%be%d1%81%d1%82%d0%b5%d0%bb%d1%8c%d0%bd%d0%be%d0%b3%d0%be-%d0%b1%d0%b5%d0%bb%d1%8c%d1%8f-%d1%81-%d1%80%d0%b0%d0%bd%d1%84%d0%be%d1%80%d1%81-32/;749грн;K5685
КОМПЛЕКТ ПОСТЕЛЬНОГО БЕЛЬЯ С РАНФОРСА;https://lux-texcv.com.ua/ru/product/%d0%ba%d0%be%d0%bc%d0%bf%d0%bb%d0%b5%d0%ba%d1%82-%d0%bf%d0%be%d1%81%d1%82%d0%b5%d0%bb%d1%8c%d0%bd%d0%be%d0%b3%d0%be-%d0%b1%d0%b5%d0%bb%d1%8c%d1%8f-%d1%81-%d1%80%d0%b0%d0%bd%d1%84%d0%be%d1%80%d1%81-31/;749грн;K5684
КОМПЛЕКТ ПОСТЕЛЬНОГО БЕЛЬЯ С РАНФОРСА;https://lux-texcv.com.ua/ru/product/%d0%ba%d0%be%d0%bc%d0%bf%d0%bb%d0%b5%d0%ba%d1%82-%d0%bf%d0%be%d1%81%d1%82%d0%b5%d0%bb%d1%8c%d0%bd%d0%be%d0%b3%d0%be-%d0%b1%d0%b5%d0%bb%d1%8c%d1%8f-%d1%81-%d1%80%d0%b0%d0%bd%d1%84%d0%be%d1%80%d1%81-30/;749грн;K5683
КОМПЛЕКТ ПОСТЕЛЬНОГО БЕЛЬЯ С РАНФОРСА;https://lux-texcv.com.ua/ru/product/%d0%ba%d0%be%d0%bc%d0%bf%d0%bb%d0%b5%d0%ba%d1%82-%d0%bf%d0%be%d1%81%d1%82%d0%b5%d0%bb%d1%8c%d0%bd%d0%be%d0%b3%d0%be-%d0%b1%d0%b5%d0%bb%d1%8c%d1%8f-%d1%81-%d1%80%d0%b0%d0%bd%d1%84%d0%be%d1%80%d1%81-29/;749грн;K5682
КОМПЛЕКТ ПОСТЕЛЬНОГО БЕЛЬЯ С РАНФОРСА;https://lux-texcv.com.ua/ru/product/%d0%ba%d0%be%d0%bc%d0%bf%d0%bb%d0%b5%d0%ba%d1%82-%d0%bf%d0%be%d1%81%d1%82%d0%b5%d0%bb%d1%8c%d0%bd%d0%be%d0%b3%d0%be-%d0%b1%d0%b5%d0%bb%d1%8c%d1%8f-%d1%81-%d1%80%d0%b0%d0%bd%d1%84%d0%be%d1%80%d1%81-28/;749грн;K5681
КОМПЛЕКТ ПОСТЕЛЬНОГО БЕЛЬЯ С РАНФОРСА;https://lux-texcv.com.ua/ru/product/%d0%ba%d0%be%d0%bc%d0%bf%d0%bb%d0%b5%d0%ba%d1%82-%d0%bf%d0%be%d1%81%d1%82%d0%b5%d0%bb%d1%8c%d0%bd%d0%be%d0%b3%d0%be-%d0%b1%d0%b5%d0%bb%d1%8c%d1%8f-%d1%81-%d1%80%d0%b0%d0%bd%d1%84%d0%be%d1%80%d1%81-27/;749грн;K5680
КОМПЛЕКТ ПОСТЕЛЬНОГО БЕЛЬЯ С РАНФОРСА;https://lux-texcv.com.ua/ru/product/%d0%ba%d0%be%d0%bc%d0%bf%d0%bb%d0%b5%d0%ba%d1%82-%d0%bf%d0%be%d1%81%d1%82%d0%b5%d0%bb%d1%8c%d0%bd%d0%be%d0%b3%d0%be-%d0%b1%d0%b5%d0%bb%d1%8c%d1%8f-%d1%81-%d1%80%d0%b0%d0%bd%d1%84%d0%be%d1%80%d1%81-26/;749грн;K5678
КОМПЛЕКТ ПОСТЕЛЬНОГО БЕЛЬЯ С РАНФОРСА;https://lux-texcv.com.ua/ru/product/%d0%ba%d0%be%d0%bc%d0%bf%d0%bb%d0%b5%d0%ba%d1%82-%d0%bf%d0%be%d1%81%d1%82%d0%b5%d0%bb%d1%8c%d0%bd%d0%be%d0%b3%d0%be-%d0%b1%d0%b5%d0%bb%d1%8c%d1%8f-%d1%81-%d1%80%d0%b0%d0%bd%d1%84%d0%be%d1%80%d1%81-25/;749грн;K5677
КОМПЛЕКТ ПОСТЕЛЬНОГО БЕЛЬЯ С РАНФОРСА;https://lux-texcv.com.ua/ru/product/%d0%ba%d0%be%d0%bc%d0%bf%d0%bb%d0%b5%d0%ba%d1%82-%d0%bf%d0%be%d1%81%d1%82%d0%b5%d0%bb%d1%8c%d0%bd%d0%be%d0%b3%d0%be-%d0%b1%d0%b5%d0%bb%d1%8c%d1%8f-%d1%81-%d1%80%d0%b0%d0%bd%d1%84%d0%be%d1%80%d1%81-24/;749грн;K5676
КОМПЛЕКТ ПОСТЕЛЬНОГО БЕЛЬЯ С РАНФОРСА;https://lux-texcv.com.ua/ru/product/%d0%ba%d0%be%d0%bc%d0%bf%d0%bb%d0%b5%d0%ba%d1%82-%d0%bf%d0%be%d1%81%d1%82%d0%b5%d0%bb%d1%8c%d0%bd%d0%be%d0%b3%d0%be-%d0%b1%d0%b5%d0%bb%d1%8c%d1%8f-%d1%81-%d1%80%d0%b0%d0%bd%d1%84%d0%be%d1%80%d1%81-23/;749грн;K5675
КОМПЛЕКТ ПОСТЕЛЬНОГО БЕЛЬЯ С РАНФОРСА;https://lux-texcv.com.ua/ru/product/%d0%ba%d0%be%d0%bc%d0%bf%d0%bb%d0%b5%d0%ba%d1%82-%d0%bf%d0%be%d1%81%d1%82%d0%b5%d0%bb%d1%8c%d0%bd%d0%be%d0%b3%d0%be-%d0%b1%d0%b5%d0%bb%d1%8c%d1%8f-%d1%81-%d1%80%d0%b0%d0%bd%d1%84%d0%be%d1%80%d1%81-22/;749грн;K5674
КОМПЛЕКТ ПОСТЕЛЬНОГО БЕЛЬЯ С РАНФОРСА;https://lux-texcv.com.ua/ru/product/%d0%ba%d0%be%d0%bc%d0%bf%d0%bb%d0%b5%d0%ba%d1%82-%d0%bf%d0%be%d1%81%d1%82%d0%b5%d0%bb%d1%8c%d0%bd%d0%be%d0%b3%d0%be-%d0%b1%d0%b5%d0%bb%d1%8c%d1%8f-%d1%81-%d1%80%d0%b0%d0%bd%d1%84%d0%be%d1%80%d1%81-21/;699грн;K550
КОМПЛЕКТ ПОСТЕЛЬНОГО БЕЛЬЯ С РАНФОРСА;https://lux-texcv.com.ua/ru/product/%d0%ba%d0%be%d0%bc%d0%bf%d0%bb%d0%b5%d0%ba%d1%82-%d0%bf%d0%be%d1%81%d1%82%d0%b5%d0%bb%d1%8c%d0%bd%d0%be%d0%b3%d0%be-%d0%b1%d0%b5%d0%bb%d1%8c%d1%8f-%d1%81-%d1%80%d0%b0%d0%bd%d1%84%d0%be%d1%80%d1%81-20/;749грн;K5673
КОМПЛЕКТ ПОСТЕЛЬНОГО БЕЛЬЯ С РАНФОРСА;https://lux-texcv.com.ua/ru/product/%d0%ba%d0%be%d0%bc%d0%bf%d0%bb%d0%b5%d0%ba%d1%82-%d0%bf%d0%be%d1%81%d1%82%d0%b5%d0%bb%d1%8c%d0%bd%d0%be%d0%b3%d0%be-%d0%b1%d0%b5%d0%bb%d1%8c%d1%8f-%d1%81-%d1%80%d0%b0%d0%bd%d1%84%d0%be%d1%80%d1%81-19/;749грн;K5672
КОМПЛЕКТ ПОСТЕЛЬНОГО БЕЛЬЯ С РАНФОРСА;https://lux-texcv.com.ua/ru/product/%d0%ba%d0%be%d0%bc%d0%bf%d0%bb%d0%b5%d0%ba%d1%82-%d0%bf%d0%be%d1%81%d1%82%d0%b5%d0%bb%d1%8c%d0%bd%d0%be%d0%b3%d0%be-%d0%b1%d0%b5%d0%bb%d1%8c%d1%8f-%d1%81-%d1%80%d0%b0%d0%bd%d1%84%d0%be%d1%80%d1%81-18/;699грн;K547
КОМПЛЕКТ ПОСТЕЛЬНОГО БЕЛЬЯ С РАНФОРСА;https://lux-texcv.com.ua/ru/product/%d0%ba%d0%be%d0%bc%d0%bf%d0%bb%d0%b5%d0%ba%d1%82-%d0%bf%d0%be%d1%81%d1%82%d0%b5%d0%bb%d1%8c%d0%bd%d0%be%d0%b3%d0%be-%d0%b1%d0%b5%d0%bb%d1%8c%d1%8f-%d1%81-%d1%80%d0%b0%d0%bd%d1%84%d0%be%d1%80%d1%81-17/;749грн;K5671
КОМПЛЕКТ ПОСТЕЛЬНОГО БЕЛЬЯ С РАНФОРСА;https://lux-texcv.com.ua/ru/product/%d0%ba%d0%be%d0%bc%d0%bf%d0%bb%d0%b5%d0%ba%d1%82-%d0%bf%d0%be%d1%81%d1%82%d0%b5%d0%bb%d1%8c%d0%bd%d0%be%d0%b3%d0%be-%d0%b1%d0%b5%d0%bb%d1%8c%d1%8f-%d1%81-%d1%80%d0%b0%d0%bd%d1%84%d0%be%d1%80%d1%81-16/;699грн;K545
КОМПЛЕКТ ПОСТЕЛЬНОГО БЕЛЬЯ С РАНФОРСА;https://lux-texcv.com.ua/ru/product/%d0%ba%d0%be%d0%bc%d0%bf%d0%bb%d0%b5%d0%ba%d1%82-%d0%bf%d0%be%d1%81%d1%82%d0%b5%d0%bb%d1%8c%d0%bd%d0%be%d0%b3%d0%be-%d0%b1%d0%b5%d0%bb%d1%8c%d1%8f-%d1%81-%d1%80%d0%b0%d0%bd%d1%84%d0%be%d1%80%d1%81-15/;749грн;K5670
КОМПЛЕКТ ПОСТЕЛЬНОГО БЕЛЬЯ С РАНФОРСА;https://lux-texcv.com.ua/ru/product/%d0%ba%d0%be%d0%bc%d0%bf%d0%bb%d0%b5%d0%ba%d1%82-%d0%bf%d0%be%d1%81%d1%82%d0%b5%d0%bb%d1%8c%d0%bd%d0%be%d0%b3%d0%be-%d0%b1%d0%b5%d0%bb%d1%8c%d1%8f-%d1%81-%d1%80%d0%b0%d0%bd%d1%84%d0%be%d1%80%d1%81-14/;749грн;K5669
КОМПЛЕКТ ПОСТЕЛЬНОГО БЕЛЬЯ С РАНФОРСА;https://lux-texcv.com.ua/ru/product/%d0%ba%d0%be%d0%bc%d0%bf%d0%bb%d0%b5%d0%ba%d1%82-%d0%bf%d0%be%d1%81%d1%82%d0%b5%d0%bb%d1%8c%d0%bd%d0%be%d0%b3%d0%be-%d0%b1%d0%b5%d0%bb%d1%8c%d1%8f-%d1%81-%d1%80%d0%b0%d0%bd%d1%84%d0%be%d1%80%d1%81-13/;749грн;K5668
КОМПЛЕКТ ПОСТЕЛЬНОГО БЕЛЬЯ С РАНФОРСА;https://lux-texcv.com.ua/ru/product/%d0%ba%d0%be%d0%bc%d0%bf%d0%bb%d0%b5%d0%ba%d1%82-%d0%bf%d0%be%d1%81%d1%82%d0%b5%d0%bb%d1%8c%d0%bd%d0%be%d0%b3%d0%be-%d0%b1%d0%b5%d0%bb%d1%8c%d1%8f-%d1%81-%d1%80%d0%b0%d0%bd%d1%84%d0%be%d1%80%d1%81-12/;749грн;K5667
КОМПЛЕКТ ПОСТЕЛЬНОГО БЕЛЬЯ С РАНФОРСА;https://lux-texcv.com.ua/ru/product/%d0%ba%d0%be%d0%bc%d0%bf%d0%bb%d0%b5%d0%ba%d1%82-%d0%bf%d0%be%d1%81%d1%82%d0%b5%d0%bb%d1%8c%d0%bd%d0%be%d0%b3%d0%be-%d0%b1%d0%b5%d0%bb%d1%8c%d1%8f-%d1%81-%d1%80%d0%b0%d0%bd%d1%84%d0%be%d1%80%d1%81-11/;749грн;K5666
КОМПЛЕКТ ПОСТЕЛЬНОГО БЕЛЬЯ С РАНФОРСА;https://lux-texcv.com.ua/ru/product/%d0%ba%d0%be%d0%bc%d0%bf%d0%bb%d0%b5%d0%ba%d1%82-%d0%bf%d0%be%d1%81%d1%82%d0%b5%d0%bb%d1%8c%d0%bd%d0%be%d0%b3%d0%be-%d0%b1%d0%b5%d0%bb%d1%8c%d1%8f-%d1%81-%d1%80%d0%b0%d0%bd%d1%84%d0%be%d1%80%d1%81-10/;749грн;K5665
КОМПЛЕКТ ПОСТЕЛЬНОГО БЕЛЬЯ С РАНФОРСА;https://lux-texcv.com.ua/ru/product/%d0%ba%d0%be%d0%bc%d0%bf%d0%bb%d0%b5%d0%ba%d1%82-%d0%bf%d0%be%d1%81%d1%82%d0%b5%d0%bb%d1%8c%d0%bd%d0%be%d0%b3%d0%be-%d0%b1%d0%b5%d0%bb%d1%8c%d1%8f-%d1%81-%d1%80%d0%b0%d0%bd%d1%84%d0%be%d1%80%d1%81-9/;749грн;K5664
КОМПЛЕКТ ПОСТЕЛЬНОГО БЕЛЬЯ С РАНФОРСА;https://lux-texcv.com.ua/ru/product/%d0%ba%d0%be%d0%bc%d0%bf%d0%bb%d0%b5%d0%ba%d1%82-%d0%bf%d0%be%d1%81%d1%82%d0%b5%d0%bb%d1%8c%d0%bd%d0%be%d0%b3%d0%be-%d0%b1%d0%b5%d0%bb%d1%8c%d1%8f-%d1%81-%d1%80%d0%b0%d0%bd%d1%84%d0%be%d1%80%d1%81-8/;749грн;K5663
КОМПЛЕКТ ПОСТЕЛЬНОГО БЕЛЬЯ С РАНФОРСА;https://lux-texcv.com.ua/ru/product/%d0%ba%d0%be%d0%bc%d0%bf%d0%bb%d0%b5%d0%ba%d1%82-%d0%bf%d0%be%d1%81%d1%82%d0%b5%d0%bb%d1%8c%d0%bd%d0%be%d0%b3%d0%be-%d0%b1%d0%b5%d0%bb%d1%8c%d1%8f-%d1%81-%d1%80%d0%b0%d0%bd%d1%84%d0%be%d1%80%d1%81-7/;749грн;K5662
КОМПЛЕКТ ПОСТЕЛЬНОГО БЕЛЬЯ С РАНФОРСА;https://lux-texcv.com.ua/ru/product/%d0%ba%d0%be%d0%bc%d0%bf%d0%bb%d0%b5%d0%ba%d1%82-%d0%bf%d0%be%d1%81%d1%82%d0%b5%d0%bb%d1%8c%d0%bd%d0%be%d0%b3%d0%be-%d0%b1%d0%b5%d0%bb%d1%8c%d1%8f-%d1%81-%d1%80%d0%b0%d0%bd%d1%84%d0%be%d1%80%d1%81-6/;749грн;K5661
КОМПЛЕКТ ПОСТЕЛЬНОГО БЕЛЬЯ С РАНФОРСА;https://lux-texcv.com.ua/ru/product/%d0%ba%d0%be%d0%bc%d0%bf%d0%bb%d0%b5%d0%ba%d1%82-%d0%bf%d0%be%d1%81%d1%82%d0%b5%d0%bb%d1%8c%d0%bd%d0%be%d0%b3%d0%be-%d0%b1%d0%b5%d0%bb%d1%8c%d1%8f-%d1%81-%d1%80%d0%b0%d0%bd%d1%84%d0%be%d1%80%d1%81-5/;749грн;K5660
КОМПЛЕКТ ПОСТЕЛЬНОГО БЕЛЬЯ С РАНФОРСА;https://lux-texcv.com.ua/ru/product/%d0%ba%d0%be%d0%bc%d0%bf%d0%bb%d0%b5%d0%ba%d1%82-%d0%bf%d0%be%d1%81%d1%82%d0%b5%d0%bb%d1%8c%d0%bd%d0%be%d0%b3%d0%be-%d0%b1%d0%b5%d0%bb%d1%8c%d1%8f-%d1%81-%d1%80%d0%b0%d0%bd%d1%84%d0%be%d1%80%d1%81-4/;749грн;K5659
КОМПЛЕКТ ПОСТЕЛЬНОГО БЕЛЬЯ С РАНФОРСА;https://lux-texcv.com.ua/ru/product/%d0%ba%d0%be%d0%bc%d0%bf%d0%bb%d0%b5%d0%ba%d1%82-%d0%bf%d0%be%d1%81%d1%82%d0%b5%d0%bb%d1%8c%d0%bd%d0%be%d0%b3%d0%be-%d0%b1%d0%b5%d0%bb%d1%8c%d1%8f-%d1%81-%d1%80%d0%b0%d0%bd%d1%84%d0%be%d1%80%d1%81-3/;749грн;K5658
КОМПЛЕКТ ПОСТЕЛЬНОГО БЕЛЬЯ С РАНФОРСА;https://lux-texcv.com.ua/ru/product/%d0%ba%d0%be%d0%bc%d0%bf%d0%bb%d0%b5%d0%ba%d1%82-%d0%bf%d0%be%d1%81%d1%82%d0%b5%d0%bb%d1%8c%d0%bd%d0%be%d0%b3%d0%be-%d0%b1%d0%b5%d0%bb%d1%8c%d1%8f-%d1%81-%d1%80%d0%b0%d0%bd%d1%84%d0%be%d1%80%d1%81-2/;749грн;K531
КОМПЛЕКТ ПОСТЕЛЬНОГО БЕЛЬЯ ИЗ РАНФОРСА;https://lux-texcv.com.ua/ru/product/%d0%ba%d0%be%d0%bc%d0%bf%d0%bb%d0%b5%d0%ba%d1%82-%d0%bf%d0%be%d1%81%d1%82%d0%b5%d0%bb%d1%8c%d0%bd%d0%be%d0%b3%d0%be-%d0%b1%d0%b5%d0%bb%d1%8c%d1%8f-%d0%b8%d0%b7-%d1%80%d0%b0%d0%bd%d1%84%d0%be%d1%80-11/;749грн;K5656
КОМПЛЕКТ ПОСТЕЛЬНОГО БЕЛЬЯ ИЗ РАНФОРСА;https://lux-texcv.com.ua/ru/product/%d0%ba%d0%be%d0%bc%d0%bf%d0%bb%d0%b5%d0%ba%d1%82-%d0%bf%d0%be%d1%81%d1%82%d0%b5%d0%bb%d1%8c%d0%bd%d0%be%d0%b3%d0%be-%d0%b1%d0%b5%d0%bb%d1%8c%d1%8f-%d0%b8%d0%b7-%d1%80%d0%b0%d0%bd%d1%84%d0%be%d1%80-10/;749грн;K5655
КОМПЛЕКТ ПОСТЕЛЬНОГО БЕЛЬЯ ИЗ РАНФОРСА;https://lux-texcv.com.ua/ru/product/%d0%ba%d0%be%d0%bc%d0%bf%d0%bb%d0%b5%d0%ba%d1%82-%d0%bf%d0%be%d1%81%d1%82%d0%b5%d0%bb%d1%8c%d0%bd%d0%be%d0%b3%d0%be-%d0%b1%d0%b5%d0%bb%d1%8c%d1%8f-%d0%b8%d0%b7-%d1%80%d0%b0%d0%bd%d1%84%d0%be%d1%80-9/;749грн;K5654
КОМПЛЕКТ ПОСТЕЛЬНОГО БЕЛЬЯ ИЗ РАНФОРСА;https://lux-texcv.com.ua/ru/product/%d0%ba%d0%be%d0%bc%d0%bf%d0%bb%d0%b5%d0%ba%d1%82-%d0%bf%d0%be%d1%81%d1%82%d0%b5%d0%bb%d1%8c%d0%bd%d0%be%d0%b3%d0%be-%d0%b1%d0%b5%d0%bb%d1%8c%d1%8f-%d0%b8%d0%b7-%d1%80%d0%b0%d0%bd%d1%84%d0%be%d1%80-8/;749грн;K5653
КОМПЛЕКТ ПОСТЕЛЬНОГО БЕЛЬЯ ИЗ РАНФОРСА;https://lux-texcv.com.ua/ru/product/%d0%ba%d0%be%d0%bc%d0%bf%d0%bb%d0%b5%d0%ba%d1%82-%d0%bf%d0%be%d1%81%d1%82%d0%b5%d0%bb%d1%8c%d0%bd%d0%be%d0%b3%d0%be-%d0%b1%d0%b5%d0%bb%d1%8c%d1%8f-%d0%b8%d0%b7-%d1%80%d0%b0%d0%bd%d1%84%d0%be%d1%80-7/;749грн;K5652
КОМПЛЕКТ ПОСТЕЛЬНОГО БЕЛЬЯ ИЗ РАНФОРСА;https://lux-texcv.com.ua/ru/product/%d0%ba%d0%be%d0%bc%d0%bf%d0%bb%d0%b5%d0%ba%d1%82-%d0%bf%d0%be%d1%81%d1%82%d0%b5%d0%bb%d1%8c%d0%bd%d0%be%d0%b3%d0%be-%d0%b1%d0%b5%d0%bb%d1%8c%d1%8f-%d0%b8%d0%b7-%d1%80%d0%b0%d0%bd%d1%84%d0%be%d1%80-6/;749грн;K5651
КОМПЛЕКТ ПОСТЕЛЬНОГО БЕЛЬЯ ИЗ РАНФОРСА;https://lux-texcv.com.ua/ru/product/%d0%ba%d0%be%d0%bc%d0%bf%d0%bb%d0%b5%d0%ba%d1%82-%d0%bf%d0%be%d1%81%d1%82%d0%b5%d0%bb%d1%8c%d0%bd%d0%be%d0%b3%d0%be-%d0%b1%d0%b5%d0%bb%d1%8c%d1%8f-%d0%b8%d0%b7-%d1%80%d0%b0%d0%bd%d1%84%d0%be%d1%80-5/;749грн;K5650
КОМПЛЕКТ ПОСТЕЛЬНОГО БЕЛЬЯ ИЗ РАНФОРСА;https://lux-texcv.com.ua/ru/product/%d0%ba%d0%be%d0%bc%d0%bf%d0%bb%d0%b5%d0%ba%d1%82-%d0%bf%d0%be%d1%81%d1%82%d0%b5%d0%bb%d1%8c%d0%bd%d0%be%d0%b3%d0%be-%d0%b1%d0%b5%d0%bb%d1%8c%d1%8f-%d0%b8%d0%b7-%d1%80%d0%b0%d0%bd%d1%84%d0%be%d1%80-4/;749грн;K5649
КОМПЛЕКТ ПОСТЕЛЬНОГО БЕЛЬЯ ИЗ РАНФОРСА;https://lux-texcv.com.ua/ru/product/%d0%ba%d0%be%d0%bc%d0%bf%d0%bb%d0%b5%d0%ba%d1%82-%d0%bf%d0%be%d1%81%d1%82%d0%b5%d0%bb%d1%8c%d0%bd%d0%be%d0%b3%d0%be-%d0%b1%d0%b5%d0%bb%d1%8c%d1%8f-%d0%b8%d0%b7-%d1%80%d0%b0%d0%bd%d1%84%d0%be%d1%80-3/;749грн;K5648
КОМПЛЕКТ ПОСТЕЛЬНОГО БЕЛЬЯ ИЗ РАНФОРСА;https://lux-texcv.com.ua/ru/product/%d0%ba%d0%be%d0%bc%d0%bf%d0%bb%d0%b5%d0%ba%d1%82-%d0%bf%d0%be%d1%81%d1%82%d0%b5%d0%bb%d1%8c%d0%bd%d0%be%d0%b3%d0%be-%d0%b1%d0%b5%d0%bb%d1%8c%d1%8f-%d0%b8%d0%b7-%d1%80%d0%b0%d0%bd%d1%84%d0%be%d1%80-2/;749грн;K5647
КОМПЛЕКТ ПОСТЕЛЬНОГО БЕЛЬЯ С РАНФОРСА;https://lux-texcv.com.ua/ru/product/%d0%ba%d0%be%d0%bc%d0%bf%d0%bb%d0%b5%d0%ba%d1%82-%d0%bf%d0%be%d1%81%d1%82%d0%b5%d0%bb%d1%8c%d0%bd%d0%be%d0%b3%d0%be-%d0%b1%d0%b5%d0%bb%d1%8c%d1%8f-%d1%81-%d1%80%d0%b0%d0%bd%d1%84%d0%be%d1%80%d1%81/;749грн;K5646
КОМПЛЕКТ ПОСТЕЛЬНОГО БЕЛЬЯ ИЗ РАНФОРСА;https://lux-texcv.com.ua/ru/product/%d0%ba%d0%be%d0%bc%d0%bf%d0%bb%d0%b5%d0%ba%d1%82-%d0%bf%d0%be%d1%81%d1%82%d0%b5%d0%bb%d1%8c%d0%bd%d0%be%d0%b3%d0%be-%d0%b1%d0%b5%d0%bb%d1%8c%d1%8f-%d0%b8%d0%b7-%d1%80%d0%b0%d0%bd%d1%84%d0%be%d1%80/;602грн;K420
КОМПЛЕКТ ПОСТEЛЬНОГО БЕЛЬЯ С РАНФОРСА;https://lux-texcv.com.ua/ru/product/%d0%ba%d0%be%d0%bc%d0%bf%d0%bb%d0%b5%d0%ba%d1%82-%d0%bf%d0%be%d1%81%d1%82e%d0%bb%d1%8c%d0%bd%d0%be%d0%b3%d0%be-%d0%b1%d0%b5%d0%bb%d1%8c%d1%8f-%d1%81-%d0%b1%d1%8f%d0%b7%d0%b8/;699грн;K410
